status,original_session,original_slot,new_slot,room,normal_lesson_staff_affected,operational_note,row_class
CANCELLED / NOT TAKEN,8D.PTM1,Mon 08 Jun P7,Tue 09 Jun P9,F2-10,P9 MATH with David Barton,Internet outage. Earlier Tue P8 proposal rejected; P9 uses the normal Maths lesson. Reprint code. REPRINT CODES,cancelled-pt
MOVED,8D.PTM2,Tue 09 Jun P9–P10,Thu 25 Jun P8–P9,B2-11,"P8–P9 THE ARTS with Fiona Williams, Zoe Denton, Yunxiu (Michelle) Cheng",Moved because PTM1 will now happen Tue P9. Uses non-core Arts time. Reprint codes. REPRINT CODES,
CANCELLED / NOT TAKEN,7C.PTMBOTH,Mon 08 Jun P7–P9,"Thu 11 Jun P4, P5 and P7",F2-07 throughout,P4 SCIENCE displaced from Liam Melville; P5/P7 MATH with Natalie Oliver-Caldwell,7C go directly to F2-07 with Natalie Oliver-Caldwell for PTMBoth. Liam Melville covers 6E during P4. Reprint codes. REPRINT CODES,cancelled-pt
MOVED,6E.PTM2,Thu 11 Jun P3–P4,Thu 18 Jun P3–P4,F2-07,P3–P4 MATH with Natalie Oliver-Caldwell,"6E do not test on Thu 11. On Thu 11 P4, 6E go to Liam Melville for cover only. 6E finish PTM2 on Thu 18. REPRINT CODES",rescheduled-pt
CANCELLED / NOT TAKEN,8B.PTS,Mon 15 Jun P2–P3,Wed 24 Jun P1–P2,B2-11,PHE block: Dana Hinton / Stephen Whitley,Moved to a low-conflict PHE block. Reprint codes. REPRINT CODES,cancelled-pt
CANCELLED / NOT TAKEN,7A.PTS,Mon 15 Jun P3–P4,Wed 24 Jun P4–P5,B2-11,Design + Innov block: Charlene Mae Teresa / Joanne Kennedy,Moved to a Design + Innov block. Reprint codes. REPRINT CODES,cancelled-pt
CANCELLED / NOT TAKEN,8E.PTE1,Mon 15 Jun P5–P7,Thu 25 Jun P2–P3,F1-06,P2 ENGLISH with Shah Sarum; P3 INS with Kellee Kryba,"Starts in the normal English room, then uses InS. Reprint codes. REPRINT CODES",cancelled-pt
CANCELLED / NOT TAKEN,8F.PTE1,Mon 15 Jun P5–P7,Thu 25 Jun P9–P10,C2-12,P9 THE ARTS with Fiona/Zoe/Michelle; P10 ENGLISH with Luke Clarke,Uses P9 Arts and P10 English. Reprint codes. REPRINT CODES,cancelled-pt
CANCELLED / NOT TAKEN,9A.PTEBOTH,Mon 15 Jun P5–P8,Thu 25 Jun P8–P10,F1-04,P8–P9 INS with Benjamin Gibson; P10 ENGLISH with Melanie Reeve,Uses InS/InS/English; room is free P8–P9 and normal English room at P10. Reprint codes. REPRINT CODES,cancelled-pt
CANCELLED / NOT TAKEN,9B.PTEBOTH,Mon 15 Jun P5–P8,Thu 25 Jun P8–P10,G2-01,P8–P9 INS with David Woodward; P10 ENGLISH with Vanessa Pinto,Uses InS/InS/English; room is free P8–P9 and normal English room at P10. Reprint codes. REPRINT CODES,cancelled-pt
MOVED,8A.PTM1 + 8A.PTM2,Fri 12 Jun P3; Mon 15 Jun P8–P9,Mon 22 Jun P8–P10,F2-06,P8–P9 MATH with Mohammed Gias M. Gias; P10 DESIGN + INNOV with Oliver Pennington / Shubhrum Pun,Combined 8A.PTMBOTH block. Removes the Fri 12 P3 8A.PTM1 entry and the separate Thu 25 P1–P2 8A.PTM2 move. Reprint codes. REPRINT CODES,rescheduled-pt
MOVED,6D.PTE1 + 6D.PTE2,Wed 17 P3–P4; Mon 22 P4–P5,Wed 17 Jun P3–P5,F1-08,P3–P4 English; P5 Arabic block,Combined into PTEBOTH. Saeed covers P5 because Arabic teachers still teach remaining students. REPRINT CODES,
MOVED,6F.PTE1 + 6F.PTE2,Fri 19 P3–P4; Tue 23 P3–P4,Tue 23 Jun P3–P5,F1-06,P3 English; P4–P5 InS,Moved off Fri 19 because MYP assembly blocks P1–P3. Shah starts P3; Benjamin Gibson continues P4–P5. REPRINT CODES,
MOVED,7C.PTE1 + 7C.PTE2,Thu 18 P9–P10; Tue 23 P4–P5,Thu 18 Jun P8–P10,F1-08,P8 UAE SS; P9–P10 English,RED: 6D needs cover; UAESS teacher still has some students. REPRINT CODES,red-risk
MOVED,7D.PTE1 + 7D.PTE2,Tue 16 P1–P2; Tue 23 P1–P2,Tue 23 Jun P1–P3,F1-07,P1–P2 English; P3 Arabic block,7B needs cover/move for P3 because Sarah remains with 7D. REPRINT CODES,
MOVED,7E.PTE1 + 7E.PTE2,Thu 18 P4–P5; Tue 23 P7–P8,Thu 18 Jun P3–P5,F1-07,P3 InS; P4–P5 English,Ranjini Krishnan starts P3 because Sarah has 10A; Sarah continues P4–P5. REPRINT CODES,
MOVED,8A.PTE1 + 8A.PTE2,Tue 16 P1–P2; Tue 23 P1–P2,Tue 16 Jun P1–P3,F1-06,P1–P2 English; P3 UAE SS/MSCB,RED: 6F needs cover; UAESS teacher still has students. REPRINT CODES,red-risk
MOVED,8C.PTE1 + 8C.PTE2,Tue 16 P9–P10; Tue 23 P9–P10,Tue 16 Jun P8–P10,F1-06,P8 PHE Theory; P9–P10 English,Shadow Day clash fixed: Shah Sarum is unavailable at P8. Saeed Smith starts the P8 period; Sarum supervises P9–P10. REPRINT CODES,
UNCHANGED,6C.PTEBOTH,Tue 16 P7–P9,Tue 16 Jun P7–P9,F1-08,P9 InS with David Woodward,David Woodward releases Cherisse for P9; marked on cover table.,
UNCHANGED,7B.PTEBOTH,Tue 16 P3–P5,Tue 16 Jun P3–P5,F1-07,P5 Maths with David Barton,David Barton needs to be available P5 to release Sarah.,
CHECKED,8E–9B lunch-span check,Existing PTE plan,No triple added,—,8E/8F have lunch-span PTE2; 9A/9B do not,8E and 8F remain lunch-spanning doubles on Mon 22 P5/P7. 9A and 9B remain Thu 25 P8–P10.,
MOVED,8A.PTS,Wed 17 Jun P3–P4,Thu 25 Jun P4–P5,B2-11,P4–P5 The Arts,Moved because Grade 8 assembly affects Wed 17 P3. REPRINT CODES,rescheduled-pt
MOVED,7C.PTS,Fri 19 Jun P2–P3,Wed 24 Jun P4–P5,B2-01,P4 language block; P5 Science,Moved because MYP assembly blocks Fri 19 P1–P3. REPRINT CODES,rescheduled-pt
MOVED,7E.PTS,Fri 19 Jun P3–P4,Fri 19 Jun P4–P5,B2-06,P4 Science; P5 language block,Shifted after the MYP assembly blackout. REPRINT CODES,rescheduled-pt
MOVED,8B.PTE2,Fri 19 Jun P3–P4,Fri 19 Jun P4–P5,G2-01,P4 The Arts; P5 InS,Shifted after the MYP assembly blackout. REPRINT CODES,rescheduled-pt
